Workbook

Sheet data
A1: This file was created by CMPT_IND_RETS using the 201512 CRSP database.
A2: It contains value- and equal-weighted returns for 48 industry portfolios.
A6: Average Value Weighted Returns -- Monthly
B7: Agric | C7: Hlth | D7: Mach | E7: Telcm | F7: Banks | G7: Insur
A8: 199601 | B8: -1.08 | C8: 7.2 | D8: 2.08 | E8: 2.02 | F8: 4.09 | G8: 3.11
A9: 199602 | B9: 8.4 | C9: 1.4 | D9: 3.33 | E9: -2.29 | F9: 2.46 | G9: 1.19
A10: 199603 | B10: -1.56 | C10: 1.7 | D10: 1.95 | E10: -2.06 | F10: 2.94 | G10: -2.62
A11: 199604 | B11: 5.94 | C11: 0.8 | D11: 3.32 | E11: 2.32 | F11: -1.54 | G11: -1.38
A12: 199605 | B12: -1.99 | C12: 1.53 | D12: 0.82 | E12: -0.04 | F12: 1.79 | G12: 0.04
A13: 199606 | B13: -0.66 | C13: -2 | D13: -4.99 | E13: 0.23 | F13: -0.32 | G13: 1.38
A14: 199607 | B14: -4.97 | C14: -9.65 | D14: -8.41 | E14: -8.86 | F14: -0.7 | G14: -5.26
A15: 199608 | B15: 3.03 | C15: 7.03 | D15: 4.45 | E15: -1.02 | F15: 4.21 | G15: 3.83
A16: 199609 | B16: 3.98 | C16: 3.3 | D16: 6.32 | E16: 1.3 | F16: 6.21 | G16: 4.89
A17: 199610 | B17: 5.84 | C17: -6.86 | D17: -1.45 | E17: -1.07 | F17: 6.96 | G17: 3.52
A18: 199611 | B18: 1.08 | C18: 5.51 | D18: 8.66 | E18: 5.55 | F18: 9.19 | G18: 7.12
A19: 199612 | B19: 0.22 | C19: 2.72 | D19: -1.13 | E19: 2.35 | F19: -3.66 | G19: 0.23
... A247: 201512 | B247: 2.15 | C247: -2.48 | D247: -6.26 | E247: -3.13 | F247: -3.27 | G247: -0.94

Sheet mvf
A1: stock 1 | B1: stock 2 | C1: stock 3 | D1: stock 4 | E1: stock 5 | F1: stock 6
A2: Expected Return R=
A3: =AVERAGE(data!B8:'data'!B247) -> 0.88733333 | B3: =AVERAGE(data!C8:'data'!C247) -> 0.65604167 | C3: =AVERAGE(data!D8:'data'!D247) -> 0.83345833 | D3: =AVERAGE(data!E8:'data'!E247) -> 0.435 | E3: =AVERAGE(data!F8:'data'!F247) -> 0.57191667 | F3: =AVERAGE(data!G8:'data'!G247) -> 0.748375
A5: Covariance Matrix Sigma=
A6: =_xlfn.COVARIANCE.S(data!$B$8:$B$247,data!B8:B247) -> 44.123884 | B6: =_xlfn.COVARIANCE.S(data!$B$8:$B$247,data!C8:C247) -> 11.313263 | C6: =_xlfn.COVARIANCE.S(data!$B$8:$B$247,data!D8:D247) -> 21.884111 | D6: =_xlfn.COVARIANCE.S(data!$B$8:$B$247,data!E8:E247) -> 10.664132 | E6: =_xlfn.COVARIANCE.S(data!$B$8:$B$247,data!F8:F247) -> 12.943098 | F6: =_xlfn.COVARIANCE.S(data!$B$8:$B$247,data!G8:G247) -> 12.096154 | J6: {=TRANSPOSE(A6:F11)} -> 44.123884 | K6: 11.313263 | L6: 21.884111 | M6: 10.664132 | N6: 12.943098 | O6: 12.096154
A7: =J7 -> 11.313263 | B7: =_xlfn.COVARIANCE.S(data!$C$8:$C$247,data!C8:C247) -> 41.506508 | C7: =_xlfn.COVARIANCE.S(data!$C$8:$C$247,data!D8:D247) -> 20.921407 | D7: =_xlfn.COVARIANCE.S(data!$C$8:$C$247,data!E8:E247) -> 10.122218 | E7: =_xlfn.COVARIANCE.S(data!$C$8:$C$247,data!F8:F247) -> 20.58592 | F7: =_xlfn.COVARIANCE.S(data!$C$8:$C$247,data!G8:G247) -> 22.61795 | J7: 11.313263 | K7: 41.506508 | L7: 20.921407 | M7: 10.122218 | N7: 20.58592 | O7: 22.61795
A8: =J8 -> 21.884111 | B8: =K8 -> 20.921407 | C8: =_xlfn.COVARIANCE.S(data!$D$8:$D$247,data!D8:D247) -> 50.559603 | D8: =_xlfn.COVARIANCE.S(data!$D$8:$D$247,data!E8:E247) -> 24.329109 | E8: =_xlfn.COVARIANCE.S(data!$D$8:$D$247,data!F8:F247) -> 26.213093 | F8: =_xlfn.COVARIANCE.S(data!$D$8:$D$247,data!G8:G247) -> 24.223354 | J8: 21.884111 | K8: 20.921407 | L8: 50.559603 | M8: 24.329109 | N8: 26.213093 | O8: 24.223354
A9: =J9 -> 10.664132 | B9: =K9 -> 10.122218 | C9: =L9 -> 24.329109 | D9: =_xlfn.COVARIANCE.S(data!$E$8:$E$247,data!E8:E247) -> 29.873774 | E9: =_xlfn.COVARIANCE.S(data!$E$8:$E$247,data!F8:F247) -> 19.251462 | F9: =_xlfn.COVARIANCE.S(data!$E$8:$E$247,data!G8:G247) -> 17.042695 | J9: 10.664132 | K9: 10.122218 | L9: 24.329109 | M9: 29.873774 | N9: 19.251462 | O9: 17.042695
A10: =J10 -> 12.943098 | B10: =K10 -> 20.58592 | C10: =L10 -> 26.213093 | D10: =M10 -> 19.251462 | E10: =_xlfn.COVARIANCE.S(data!$F$8:$F$247,data!F8:F247) -> 39.602826 | F10: =_xlfn.COVARIANCE.S(data!$F$8:$F$247,data!G8:G247) -> 28.421026 | J10: 12.943098 | K10: 20.58592 | L10: 26.213093 | M10: 19.251462 | N10: 39.602826 | O10: 28.421026
A11: =J11 -> 12.096154 | B11: =K11 -> 22.61795 | C11: =L11 -> 24.223354 | D11: =M11 -> 17.042695 | E11: =N11 -> 28.421026 | F11: =_xlfn.COVARIANCE.S(data!$G$8:$G$247,data!G8:G247) -> 31.154012 | J11: 12.096154 | K11: 22.61795 | L11: 24.223354 | M11: 17.042695 | N11: 28.421026 | O11: 31.154012
A12: rf= | B12: 0.2
A14: X1 | B14: X2 | C14: X3 | D14: X4 | E14: X5 | F14: X6 | G14: xf | H14: sumX | I14: RP | J14: Rd | K14: Varp | M14: buffer | N14: buffer | O14: buffer | P14: buffer | Q14: buffer | R14: buffer
A15: 0.37900818 | B15: -0.007375282 | C15: 0.19147611 | D15: -0.21817983 | E15: -0.3628066 | F15: 0.74360137 | G15: 0.27427604 | H15: =SUM(A15:G15) -> 0.99999999 | I15: =SUMPRODUCT(A15:F15,$A$3:$F$3)+$B$12*G15 -> 0.79999997 | J15: 0.8 | K15: =SUMPRODUCT(A15:F15,M15:R15) -> 19.905044 | M15: {=MMULT(A15:F15,$A$6:$F$11)} -> 22.802336 | N15: 15.129214 | O15: 21.015027 | P15: 7.7961412 | Q15: 12.33836 | R15: 18.192379
A16: 0 | B16: 0 | C16: 0 | D16: 0 | E16: 0 | F16: 0 | H16: =SUM(A16:G16) -> 0 | I16: =SUMPRODUCT(A16:F16,$A$3:$F$3)+$B$12*G16 -> 0 | J16: 0.3 | K16: =SUMPRODUCT(A16:F16,M16:R16) -> 0 | M16: {=MMULT(A16:F16,$A$6:$F$11)} -> 0 | N16: 0 | O16: 0 | P16: 0 | Q16: 0 | R16: 0
H17: =SUM(A17:G17) -> 0 | I17: =SUMPRODUCT(A17:F17,$A$3:$F$3)+$B$12*G17 -> 0 | J17: 0.4 | K17: =SUMPRODUCT(A17:F17,M17:R17) -> #VALUE! | M17: {=MMULT(A17:F17,$A$6:$F$11)} -> #VALUE! | N17: #VALUE! | O17: #VALUE! | P17: #VALUE! | Q17: #VALUE! | R17: #VALUE!
H18: =SUM(A18:G18) -> 0 | I18: =SUMPRODUCT(A18:F18,$A$3:$F$3)+$B$12*G18 -> 0 | J18: 0.5 | K18: =SUMPRODUCT(A18:F18,M18:R18) -> #VALUE! | M18: {=MMULT(A18:F18,$A$6:$F$11)} -> #VALUE! | N18: #VALUE! | O18: #VALUE! | P18: #VALUE! | Q18: #VALUE! | R18: #VALUE!
H19: =SUM(A19:G19) -> 0 | I19: =SUMPRODUCT(A19:F19,$A$3:$F$3)+$B$12*G19 -> 0 | J19: 0.6 | K19: =SUMPRODUCT(A19:F19,M19:R19) -> #VALUE! | M19: {=MMULT(A19:F19,$A$6:$F$11)} -> #VALUE! | N19: #VALUE! | O19: #VALUE! | P19: #VALUE! | Q19: #VALUE! | R19: #VALUE!
A20: 0.31584015 | B20: -0.0061460705 | C20: 0.15956344 | D20: -0.1818165 | E20: -0.3023388 | F20: 0.6196678 | G20: 0.39522999 | H20: =SUM(A20:G20) -> 1 | I20: =SUMPRODUCT(A20:F20,$A$3:$F$3)+$B$12*G20 -> 0.70000001 | J20: 0.7 | K20: =SUMPRODUCT(A20:F20,M20:R20) -> 13.822948 | M20: {=MMULT(A20:F20,$A$6:$F$11)} -> 19.001947 | N20: 12.607679 | O20: 17.512525 | P20: 6.496786 | Q20: 10.281969 | R20: 15.160317
H21: =SUM(A21:G21) -> 0 | I21: =SUMPRODUCT(A21:F21,$A$3:$F$3)+$B$12*G21 -> 0 | J21: 0.8 | K21: =SUMPRODUCT(A21:F21,M21:R21) -> #VALUE! | M21: {=MMULT(A21:F21,$A$6:$F$11)} -> #VALUE! | N21: #VALUE! | O21: #VALUE! | P21: #VALUE! | Q21: #VALUE! | R21: #VALUE!
H22: =SUM(A22:G22) -> 0 | I22: =SUMPRODUCT(A22:F22,$A$3:$F$3)+$B$12*G22 -> 0 | J22: 0.9 | K22: =SUMPRODUCT(A22:F22,M22:R22) -> #VALUE! | M22: {=MMULT(A22:F22,$A$6:$F$11)} -> #VALUE! | N22: #VALUE! | O22: #VALUE! | P22: #VALUE! | Q22: #VALUE! | R22: #VALUE!
H23: =SUM(A23:G23) -> 0 | I23: =SUMPRODUCT(A23:F23,$A$3:$F$3)+$B$12*G23 -> 0 | J23: 1 | K23: =SUMPRODUCT(A23:F23,M23:R23) -> #VALUE! | M23: {=MMULT(A23:F23,$A$6:$F$11)} -> #VALUE! | N23: #VALUE! | O23: #VALUE! | P23: #VALUE! | Q23: #VALUE! | R23: #VALUE!
H24: =SUM(A24:G24) -> 0 | I24: =SUMPRODUCT(A24:F24,$A$3:$F$3)+$B$12*G24 -> 0 | J24: 1.1 | K24: =SUMPRODUCT(A24:F24,M24:R24) -> #VALUE! | M24: {=MMULT(A24:F24,$A$6:$F$11)} -> #VALUE! | N24: #VALUE! | O24: #VALUE! | P24: #VALUE! | Q24: #VALUE! | R24: #VALUE!
A25: 0.73250412 | B25: 0.058186846 | C25: 0.12692892 | D25: 0 | E25: 0 | F25: 0.71043664 | G25: -0.62805651 | H25: =SUM(A25:G25) -> 1 | I25: =SUMPRODUCT(A25:F25,$A$3:$F$3)+$B$12*G25 -> 1.2 | J25: 1.2 | K25: =SUMPRODUCT(A25:F25,M25:R25) -> 64.525447 | M25: {=MMULT(A25:F25,$A$6:$F$11)} -> 44.350487 | N25: 29.426296 | O25: 40.874186 | P25: 23.596323 | Q25: 34.197239 | R25: 35.384145
I26: 2

Sheet mv_noshort
A1: stock 1 | B1: stock 2 | C1: stock 3 | D1: stock 4 | E1: stock 5 | F1: stock 6
A2: Expected Return R=
A3: =AVERAGE(data!B8:'data'!B247) -> 0.88733333 | B3: =AVERAGE(data!C8:'data'!C247) -> 0.65604167 | C3: =AVERAGE(data!D8:'data'!D247) -> 0.83345833 | D3: =AVERAGE(data!E8:'data'!E247) -> 0.435 | E3: =AVERAGE(data!F8:'data'!F247) -> 0.57191667 | F3: =AVERAGE(data!G8:'data'!G247) -> 0.748375
A5: Covariance Matrix Sigma=
A6: =_xlfn.COVARIANCE.S(data!$B$8:$B$247,data!B8:B247) -> 44.123884 | B6: =_xlfn.COVARIANCE.S(data!$B$8:$B$247,data!C8:C247) -> 11.313263 | C6: =_xlfn.COVARIANCE.S(data!$B$8:$B$247,data!D8:D247) -> 21.884111 | D6: =_xlfn.COVARIANCE.S(data!$B$8:$B$247,data!E8:E247) -> 10.664132 | E6: =_xlfn.COVARIANCE.S(data!$B$8:$B$247,data!F8:F247) -> 12.943098 | F6: =_xlfn.COVARIANCE.S(data!$B$8:$B$247,data!G8:G247) -> 12.096154 | I6: {=TRANSPOSE(A6:F11)} -> 44.123884 | J6: 11.313263 | K6: 21.884111 | L6: 10.664132 | M6: 12.943098 | N6: 12.096154
A7: =I7 -> 11.313263 | B7: =_xlfn.COVARIANCE.S(data!$C$8:$C$247,data!C8:C247) -> 41.506508 | C7: =_xlfn.COVARIANCE.S(data!$C$8:$C$247,data!D8:D247) -> 20.921407 | D7: =_xlfn.COVARIANCE.S(data!$C$8:$C$247,data!E8:E247) -> 10.122218 | E7: =_xlfn.COVARIANCE.S(data!$C$8:$C$247,data!F8:F247) -> 20.58592 | F7: =_xlfn.COVARIANCE.S(data!$C$8:$C$247,data!G8:G247) -> 22.61795 | I7: 11.313263 | J7: 41.506508 | K7: 20.921407 | L7: 10.122218 | M7: 20.58592 | N7: 22.61795
A8: =I8 -> 21.884111 | B8: =J8 -> 20.921407 | C8: =_xlfn.COVARIANCE.S(data!$D$8:$D$247,data!D8:D247) -> 50.559603 | D8: =_xlfn.COVARIANCE.S(data!$D$8:$D$247,data!E8:E247) -> 24.329109 | E8: =_xlfn.COVARIANCE.S(data!$D$8:$D$247,data!F8:F247) -> 26.213093 | F8: =_xlfn.COVARIANCE.S(data!$D$8:$D$247,data!G8:G247) -> 24.223354 | I8: 21.884111 | J8: 20.921407 | K8: 50.559603 | L8: 24.329109 | M8: 26.213093 | N8: 24.223354
A9: =I9 -> 10.664132 | B9: =J9 -> 10.122218 | C9: =K9 -> 24.329109 | D9: =_xlfn.COVARIANCE.S(data!$E$8:$E$247,data!E8:E247) -> 29.873774 | E9: =_xlfn.COVARIANCE.S(data!$E$8:$E$247,data!F8:F247) -> 19.251462 | F9: =_xlfn.COVARIANCE.S(data!$E$8:$E$247,data!G8:G247) -> 17.042695 | I9: 10.664132 | J9: 10.122218 | K9: 24.329109 | L9: 29.873774 | M9: 19.251462 | N9: 17.042695
A10: =I10 -> 12.943098 | B10: =J10 -> 20.58592 | C10: =K10 -> 26.213093 | D10: =L10 -> 19.251462 | E10: =_xlfn.COVARIANCE.S(data!$F$8:$F$247,data!F8:F247) -> 39.602826 | F10: =_xlfn.COVARIANCE.S(data!$F$8:$F$247,data!G8:G247) -> 28.421026 | I10: 12.943098 | J10: 20.58592 | K10: 26.213093 | L10: 19.251462 | M10: 39.602826 | N10: 28.421026
A11: =I11 -> 12.096154 | B11: =J11 -> 22.61795 | C11: =K11 -> 24.223354 | D11: =L11 -> 17.042695 | E11: =M11 -> 28.421026 | F11: =_xlfn.COVARIANCE.S(data!$G$8:$G$247,data!G8:G247) -> 31.154012 | I11: 12.096154 | J11: 22.61795 | K11: 24.223354 | L11: 17.042695 | M11: 28.421026 | N11: 31.154012
A14: X1 | B14: X2 | C14: X3 | D14: X4 | E14: X5 | F14: X6 | G14: sumX | H14: RP | I14: Rd | J14: Varp | L14: buffer | M14: buffer | N14: buffer | O14: buffer | P14: buffer | Q14: buffer
A15: 0.1047686 | B15: 0.020346445 | C15: 0.014653521 | D15: 0 | E15: 0 | F15: 0.10886803 | G15: =SUM(A15:F15) -> 0.2486366 | H15: =SUMPRODUCT(A15:F15,A3:F3) -> 0.2 | I15: 0.2 | J15: =SUMPRODUCT(A15:F15,L15:Q15) -> 1.4629345 | L15: {=MMULT(A15:F15,A6:F11)} -> 6.490546 | M15: 4.7987285 | N15: 6.096469 | O15: 3.5351291 | P15: 5.2531357 | Q15: 5.4741254
I16: 4
I17: 6

Sheet Sheet1
A1: stock 1 | B1: stock 2 | C1: stock 3 | D1: stock 4 | E1: stock 5 | F1: stock 6
A2: Expected Return R=
A3: =AVERAGE(data!B8:'data'!B247) -> 0.88733333 | B3: =AVERAGE(data!C8:'data'!C247) -> 0.65604167 | C3: =AVERAGE(data!D8:'data'!D247) -> 0.83345833 | D3: =AVERAGE(data!E8:'data'!E247) -> 0.435 | E3: =AVERAGE(data!F8:'data'!F247) -> 0.57191667 | F3: =AVERAGE(data!G8:'data'!G247) -> 0.748375
A5: Covariance Matrix Sigma=
A6: =_xlfn.COVARIANCE.S(data!$B$8:$B$247,data!B8:B247) -> 44.123884 | B6: =_xlfn.COVARIANCE.S(data!$B$8:$B$247,data!C8:C247) -> 11.313263 | C6: =_xlfn.COVARIANCE.S(data!$B$8:$B$247,data!D8:D247) -> 21.884111 | D6: =_xlfn.COVARIANCE.S(data!$B$8:$B$247,data!E8:E247) -> 10.664132 | E6: =_xlfn.COVARIANCE.S(data!$B$8:$B$247,data!F8:F247) -> 12.943098 | F6: =_xlfn.COVARIANCE.S(data!$B$8:$B$247,data!G8:G247) -> 12.096154 | I6: {=TRANSPOSE(A6:F11)} -> 44.123884 | J6: 11.313263 | K6: 21.884111 | L6: 10.664132 | M6: 12.943098 | N6: 12.096154
A7: =I7 -> 11.313263 | B7: =_xlfn.COVARIANCE.S(data!$C$8:$C$247,data!C8:C247) -> 41.506508 | C7: =_xlfn.COVARIANCE.S(data!$C$8:$C$247,data!D8:D247) -> 20.921407 | D7: =_xlfn.COVARIANCE.S(data!$C$8:$C$247,data!E8:E247) -> 10.122218 | E7: =_xlfn.COVARIANCE.S(data!$C$8:$C$247,data!F8:F247) -> 20.58592 | F7: =_xlfn.COVARIANCE.S(data!$C$8:$C$247,data!G8:G247) -> 22.61795 | I7: 11.313263 | J7: 41.506508 | K7: 20.921407 | L7: 10.122218 | M7: 20.58592 | N7: 22.61795
A8: =I8 -> 21.884111 | B8: =J8 -> 20.921407 | C8: =_xlfn.COVARIANCE.S(data!$D$8:$D$247,data!D8:D247) -> 50.559603 | D8: =_xlfn.COVARIANCE.S(data!$D$8:$D$247,data!E8:E247) -> 24.329109 | E8: =_xlfn.COVARIANCE.S(data!$D$8:$D$247,data!F8:F247) -> 26.213093 | F8: =_xlfn.COVARIANCE.S(data!$D$8:$D$247,data!G8:G247) -> 24.223354 | I8: 21.884111 | J8: 20.921407 | K8: 50.559603 | L8: 24.329109 | M8: 26.213093 | N8: 24.223354
A9: =I9 -> 10.664132 | B9: =J9 -> 10.122218 | C9: =K9 -> 24.329109 | D9: =_xlfn.COVARIANCE.S(data!$E$8:$E$247,data!E8:E247) -> 29.873774 | E9: =_xlfn.COVARIANCE.S(data!$E$8:$E$247,data!F8:F247) -> 19.251462 | F9: =_xlfn.COVARIANCE.S(data!$E$8:$E$247,data!G8:G247) -> 17.042695 | I9: 10.664132 | J9: 10.122218 | K9: 24.329109 | L9: 29.873774 | M9: 19.251462 | N9: 17.042695
A10: =I10 -> 12.943098 | B10: =J10 -> 20.58592 | C10: =K10 -> 26.213093 | D10: =L10 -> 19.251462 | E10: =_xlfn.COVARIANCE.S(data!$F$8:$F$247,data!F8:F247) -> 39.602826 | F10: =_xlfn.COVARIANCE.S(data!$F$8:$F$247,data!G8:G247) -> 28.421026 | I10: 12.943098 | J10: 20.58592 | K10: 26.213093 | L10: 19.251462 | M10: 39.602826 | N10: 28.421026
A11: =I11 -> 12.096154 | B11: =J11 -> 22.61795 | C11: =K11 -> 24.223354 | D11: =L11 -> 17.042695 | E11: =M11 -> 28.421026 | F11: =_xlfn.COVARIANCE.S(data!$G$8:$G$247,data!G8:G247) -> 31.154012 | I11: 12.096154 | J11: 22.61795 | K11: 24.223354 | L11: 17.042695 | M11: 28.421026 | N11: 31.154012
I13: R*inv(sigma)
A14: {=MINVERSE(A6:F11)} -> 0.029028588 | B14: -0.0013966094 | C14: -0.011298357 | D14: 0.00035646322 | E14: -0.00075219251 | F14: -0.00098089274 | H14: 1 | I14: {=MMULT(A3:F3,A14:F19)} -> 0.014415885 | J14: 0.002358432 | K14: 0.0039472731 | L14: -0.0015001942 | M14: -0.010887458 | N14: 0.024396191
A15: -0.0013966094 | B15: 0.041671627 | C15: -0.0068087257 | D15: 0.0084934027 | E15: 8.9035151e-05 | F15: -0.029145008 | H15: 1
A16: -0.011298357 | B16: -0.0068087257 | C16: 0.045053436 | D16: -0.021702822 | E16: -0.0061255345 | F16: -0.0082400524 | H16: 1
A17: 0.00035646322 | B17: 0.0084934027 | C17: -0.021702822 | D17: 0.063127484 | E17: -0.010587629 | F17: -0.014304777 | H17: 1
A18: -0.00075219251 | B18: 8.9035151e-05 | C18: -0.0061255345 | D18: -0.010587629 | E18: 0.077941976 | F18: -0.060322354 | H18: 1
A19: -0.00098089274 | B19: -0.029145008 | C19: -0.0082400524 | D19: -0.014304777 | E19: -0.060322354 | F19: 0.12290174 | H19: 1
A22: =

Sheet A6
B1: Agric | C1: Hlth | D1: Mach | E1: Telcm | F1: Banks | G1: Insur
A2: Agric | B2: =VARP(data!$B$8:$B$247) -> 43.940035 | C2: =B3 -> 11.266124 | D2: =C3 -> 41.333564 | E2: =D3 -> 0 | F2: =E3 -> 0 | G2: =F3 -> 0 | J2: {=TRANSPOSE(B2:G7)} -> 43.940035 | K2: 11.266124 | L2: 21.792927 | M2: 10.619698 | N2: 12.889168 | O2: 12.045753
A3: Hlth | B3: 11.266124 | C3: =VARP(data!$C$8:$C$247) -> 41.333564 | J3: 11.266124 | K3: 41.333564 | L3: 20.834234 | M3: 10.080042 | N3: 20.500145 | O3: 22.523708
A4: Mach | B4: 21.792927 | C4: 20.834234 | D4: =VARP(data!$D$8:$D$247) -> 50.348938 | J4: 41.333564 | K4: 0 | L4: 50.348938 | M4: 24.227738 | N4: 26.103871 | O4: 24.122423
A5: Telcm | B5: 10.619698 | C5: 10.080042 | D5: 24.227738 | E5: =VARP(data!$E$8:$E$247) -> 29.7493 | J5: 0 | K5: 0 | L5: 0 | M5: 29.7493 | N5: 19.171247 | O5: 16.971684
A6: Banks | B6: 12.889168 | C6: 20.500145 | D6: 26.103871 | E6: 19.171247 | F6: =VARP(data!$F$8:$F$247) -> 39.437815 | J6: 0 | K6: 0 | L6: 0 | M6: 0 | N6: 39.437815 | O6: 28.302605
A7: Insur | B7: 12.045753 | C7: 22.523708 | D7: 24.122423 | E7: 16.971684 | F7: 28.302605 | G7: =VARP(data!$G$8:$G$247) -> 31.024204 | J7: 0 | K7: 0 | L7: 0 | M7: 0 | N7: 0 | O7: 31.024204

Sheet Sheet2
